zfgx,01111010011001100110011101111000
jyjg,01101010011110010110101001100111
guhw,01100111011101010110100001110111
hesw,01101000011001010111001101110111
cxyf,01100011011110000111100101100110
turh,01110100011101010111001001101000
ypfk,01111001011100000110011001101011
imqd,01101001011011010111000101100100
evln,01100101011101100110110001101110
orro,01101111011100100111001001101111
bqzl,01100010011100010111101001101100
eqzw,01100101011100010111101001110111
afjq,01100001011001100110101001110001
oehm,01101111011001010110100001101101
ynco,01111001011011100110001101101111
nrmw,01101110011100100110110101110111
rmjf,01110010011011010110101001100110
gkoo,01100111011010110110111101101111
jmmv,01101010011011010110110101110110
uroa,01110101011100100110111101100001
qiad,01110001011010010110000101100100
bbaq,01100010011000100110000101110001
lddj,01101100011001000110010001101010
aqmk,01100001011100010110110101101011
xgky,01111000011001110110101101111001
pnlh,01110000011011100110110001101000
anvc,01100001011011100111011001100011
hlsd,01101000011011000111001101100100
hsai,01101000011100110110000101101001
cmyf,01100011011011010111100101100110
pbnx,01110000011000100110111001111000
luvc,01101100011101010111011001100011
tzga,01110100011110100110011101100001
yfot,01111001011001100110111101110100
fbuh,01100110011000100111010101101000
nmec,01101110011011010110010101100011
qifj,01110001011010010110011001101010
etlx,01100101011101000110110001111000
nxpd,01101110011110000111000001100100
nlwf,01101110011011000111011101100110
vyco,01110110011110010110001101101111
gdbw,01100111011001000110001001110111
jrzk,01101010011100100111101001101011
blox,01100010011011000110111101111000
zsxl,01111010011100110111100001101100
tyhs,01110100011110010110100001110011
hpvo,01101000011100000111011001101111
czfd,01100011011110100110011001100100
itdf,01101001011101000110010001100110
bxlz,01100010011110000110110001111010
wwvx,01110111011101110111011001111000
ymzw,01111001011011010111101001110111
hydf,01101000011110010110010001100110
zncm,01111010011011100110001101101101
jvab,01101010011101100110000101100010
uhde,01110101011010000110010001100101
qqwb,01110001011100010111011101100010
xldv,01111000011011000110010001110110
pwhy,01110000011101110110100001111001
lfyl,01101100011001100111100101101100
wwsx,01110111011101110111001101111000
kkzg,01101011011010110111101001100111
rbbk,01110010011000100110001001101011
umfj,01110101011011010110011001101010
rbeg,01110010011000100110010101100111
jiqb,01101010011010010111000101100010
ecsa,01100101011000110111001101100001
ldoc,01101100011001000110111101100011
wpyi,01110111011100000111100101101001
gukm,01100111011101010110101101101101
zcpi,01111010011000110111000001101001
onap,01101111011011100110000101110000
rotu,01110010011011110111010001110101
rymg,01110010011110010110110101100111
kavw,01101011011000010111011001110111
tdye,01110100011001000111100101100101
rcpf,01110010011000110111000001100110
peux,01110000011001010111010101111000
qcyo,01110001011000110111100101101111
azoa,01100001011110100110111101100001
ihiz,01101001011010000110100101111010
ngus,01101110011001110111010101110011
ujbo,01110101011010100110001001101111
xyba,01111000011110010110001001100001
twng,01110100011101110110111001100111
ijwe,01101001011010100111011101100101
npgi,01101110011100000110011101101001
abmh,01100001011000100110110101101000
vkow,01110110011010110110111101110111
cedp,01100011011001010110010001110000
lwkc,01101100011101110110101101100011
xqlr,01111000011100010110110001110010
hmjf,01101000011011010110101001100110
hffl,01101000011001100110011001101100
bvjr,01100010011101100110101001110010
yydf,01111001011110010110010001100110
cfsc,01100011011001100111001101100011
lqoq,01101100011100010110111101110001
nngm,01101110011011100110011101101101
yruc,01111001011100100111010101100011
bmio,01100010011011010110100101101111
nift,01101110011010010110011001110100
